{"cameraMode":{"drawMode":0,"name":"Shaded","section":"Shading Mode"},"sceneLighting":true,"audioPlay":false,"sceneViewState":{"m_AlwaysRefresh":false,"showFog":true,"showSkybox":true,"showFlares":true,"showImageEffects":true,"showParticleSystems":true,"showVisualEffectGraphs":true,"m_FxEnabled":true},"in2DMode":false,"pivot":{"x":-0.7354826927185059,"y":-6.7157721519470219,"z":8.052154541015625},"rotation":{"x":-0.31580862402915957,"y":0.0034136036410927774,"z":-0.0011379203060641885,"w":-0.9488221406936646},"size":9.927464485168457,"orthographic":false}